{"cameraMode":{"drawMode":0,"name":"Shaded","section":"Shading Mode"},"sceneLighting":true,"audioPlay":false,"sceneViewState":{"showFog":true,"showMaterialUpdate":false,"showSkybox":false,"showFlares":true,"showImageEffects":true,"showParticleSystems":true},"in2DMode":false,"pivot":{"x":301.1099853515625,"y":4.539999961853027,"z":8.989999771118164},"rotation":{"x":0.20048172771930695,"y":0.18998998403549195,"z":-0.039656586945056918,"w":0.9603201150894165},"size":12.12435531616211,"orthographic":false}