{"cameraMode":{"drawMode":0,"name":"Shaded","section":"Shading Mode"},"sceneLighting":true,"audioPlay":false,"sceneViewState":{"showFog":true,"showMaterialUpdate":false,"showSkybox":false,"showFlares":true,"showImageEffects":true,"showParticleSystems":true},"in2DMode":false,"pivot":{"x":305.7327880859375,"y":2.4666576385498049,"z":19.754596710205079},"rotation":{"x":0.08741205930709839,"y":0.1473759412765503,"z":-0.013076589442789555,"w":0.9851258397102356},"size":12.12435531616211,"orthographic":false}